{
  "project_info": {
    "project_number": "371773524916",
    "project_id": "buss-pass-application",
    "storage_bucket": "buss-pass-application.appspot.com"
  },
  "client": [
    {
      "client_info": {
        "mobilesdk_app_id": "1:371773524916:android:64fba13ddb0c365fca40e1",
        "android_client_info": {
          "package_name": "com.example.buspassapplication"
        }
      },
      "oauth_client": [
        {
          "client_id": "371773524916-kkatv408shjgoouend0qatlnr2377h6r.apps.googleusercontent.com",
          "client_type": 3
        }
      ],
      "api_key": [
        {
          "current_key": "AIzaSyCm0qpft22EapmMidJvfsMWE_auwbCtc7o"
        }
      ],
      "services": {
        "appinvite_service": {
          "other_platform_oauth_client": [
            {
              "client_id": "371773524916-kkatv408shjgoouend0qatlnr2377h6r.apps.googleusercontent.com",
              "client_type": 3
            }
          ]
        }
      }
    },
    {
      "client_info": {
        "mobilesdk_app_id": "1:371773524916:android:8b5dcd94d312fafaca40e1",
        "android_client_info": {
          "package_name": "com.example.busspassapplication"
        }
      },
      "oauth_client": [
        {
          "client_id": "371773524916-8b4rsittd0epojvejg8fq0cdicjcp07b.apps.googleusercontent.com",
          "client_type": 1,
          "android_info": {
            "package_name": "com.example.busspassapplication",
            "certificate_hash": "9523479474c1476fda3637129fe2a013d2a7d36e"
          }
        },
        {
          "client_id": "371773524916-kkatv408shjgoouend0qatlnr2377h6r.apps.googleusercontent.com",
          "client_type": 3
        }
      ],
      "api_key": [
        {
          "current_key": "AIzaSyCm0qpft22EapmMidJvfsMWE_auwbCtc7o"
        }
      ],
      "services": {
        "appinvite_service": {
          "other_platform_oauth_client": [
            {
              "client_id": "371773524916-kkatv408shjgoouend0qatlnr2377h6r.apps.googleusercontent.com",
              "client_type": 3
            }
          ]
        }
      }
    }
  ],
  "configuration_version": "1"
}